{
  "assetsByChunkName": {
    "component---src-pages-index-js": "component---src-pages-index-js-b3f747cd4c04566f6b43.js",
    "path---": "path----7ff13a1b57b2ef20d22b.js",
    "component---src-layouts-index-js": "component---src-layouts-index-js-10e3164e50ef09492947.js",
    "path---index": "path---index-a0e39f21c11f6a62c5ab.js",
    "component---src-pages-404-js": "component---src-pages-404-js-460b44da27527c1c4f61.js",
    "commons": "commons-57ce527d5e394f3c7719.js",
    "path---404-html": "path---404-html-a0e39f21c11f6a62c5ab.js",
    "app": "app-a35ed79538e997e57209.js",
    "path---404": "path---404-a0e39f21c11f6a62c5ab.js"
  }
}